1550259774.1789885::@Zedd @Spotify @katyperry It\u2019s been on repeat! I have it streaming on Spotify for when I\u2019m at work and on bought it\u2026 https:\/\/t.co\/TaTHZZBbKJ","display_text_range":[26,140],"source":"\u003ca href=\"http:\/\/twitter.com\/download\/iphone\" rel=\"nofollow\"\u003eTwitter for iPhone\u003c\/a\u003e","truncated":true,"in_reply_to_status_id":1096478716937392129,"in_reply_to_status_id_str":"1096478716937392129","in_reply_to_user_id":155705264,"in_reply_to_user_id_str":"155705264","in_reply_to_screen_name":"Zedd","user":{"id":64371587,"id_str":"64371587","name":"Stephanie","screen_name":"sweetsteph09","location":"California","url":"http:\/\/zedd.me\/365Video","description":"Plays with puppies and kittens full time. Used to travel to see @Zedd live #76showsin4yrs \u2764\ufe0f #yearofZedd http:\/\/www.zeddlifestyle.com  http:\/\/Zedd.net\/calitour","translator_type":"none","protected":false,"verified":false,"followers_count":318,"friends_count":159,"listed_count":7,"favourites_count":5516,"statuses_count":11787,"created_at":"Mon Aug 10 10:05:12 +0000 2009","utc_offset":null,"time_zone":null,"geo_enabled":true,"lang":"en","contributors_enabled":false,"is_translator":false,"profile_background_color":"131516","profile_background_image_url":"http:\/\/abs.twimg.com\/images\/themes\/theme14\/bg.gif","profile_background_image_url_https":"https:\/\/abs.twimg.com\/images\/themes\/theme14\/bg.gif","profile_background_tile":true,"profile_link_color":"579999","profile_sidebar_border_color":"EEEEEE","profile_sidebar_fill_color":"F7F4F7","profile_text_color":"0F010F","profile_use_background_image":true,"profile_image_url":"http:\/\/pbs.twimg.com\/profile_images\/1088578819265458176\/4KnXN07N_normal.jpg","profile_image_url_https":"https:\/\/pbs.twimg.com\/profile_images\/1088578819265458176\/4KnXN07N_normal.jpg","profile_banner_url":"https:\/\/pbs.twimg.com\/profile_banners\/64371587\/1550211105","default_profile":false,"default_profile_image":false,"following":null,"follow_request_sent":null,"notifications":null},"geo":null,"coordinates":null,"place":null,"contributors":null,"is_quote_status":false,"extended_tweet":{"full_text":"@Zedd @Spotify @katyperry It\u2019s been on repeat! I have it streaming on Spotify for when I\u2019m at work and on bought it on iTunes for when I\u2019m on the road. #365ZeddXKatyPerry #365AllTheTime","display_text_range":[26,185],"entities":{"hashtags":[{"text":"365ZeddXKatyPerry","indices":[152,170]},{"text":"365AllTheTime","indices":[171,185]}],"urls":[],"user_mentions":[{"screen_name":"Zedd","name":"Zedd","id":155705264,"id_str":"155705264","indices":[0,5]},{"screen_name":"Spotify","name":"Spotify","id":17230018,"id_str":"17230018","indices":[6,14]},{"screen_name":"katyperry","name":"KATY PERRY","id":21447363,"id_str":"21447363","indices":[15,25]}],"symbols":[]}},"quote_count":0,"reply_count":0,"retweet_count":0,"favorite_count":0,"entities":{"hashtags":[],"urls":[{"url":"https:\/\/t.co\/TaTHZZBbKJ","expanded_url":"https:\/\/twitter.com\/i\/web\/status\/1096495057744539648","display_url":"twitter.com\/i\/web\/status\/1\u2026","indices":[117,140]}],"user_mentions":[{"screen_name":"Zedd","name":"Zedd","id":155705264,"id_str":"155705264","indices":[0,5]},{"screen_name":"Spotify","name":"Spotify","id":17230018,"id_str":"17230018","indices":[6,14]},{"screen_name":"katyperry","name":"KATY PERRY","id":21447363,"id_str":"21447363","indices":[15,25]}],"symbols":[]},"favorited":false,"retweeted":false,"filter_level":"low","lang":"en","timestamp_ms":"1550259768316"}

1550259774.1789885::RT @CharlieAngusNDP: We are one month into state of emergency at Cat Lake.\n100 children have been identified with health problems. \nThe gov\u2026
1550259774.506243::New property just listed in 46074 https:\/\/t.co\/l3R1epnqni
1550259774.7343347::RT @HenryFernandez: \u201cWhen God is in it, there is no limit.\u201d \ud83c\udfb6\ud83c\udfb5 ~Israel Houghton .\n.\nSee @IsraelHoughton in South Florida on February 21-22,\u2026
1550259774.881323::RT @VandalsSoccer: Jeremy is out on the road, looking for the next great Vandal! Catch him this weekend in Houston! \n\n#GoVandals https:\/\/t.\u2026
1550259775.2669525::RT @RobGMacfarlane: The 120-yr-old Chelsea Elm in Sheffield has at last been saved from the axe. I've stood under this astonishing tree in\u2026
1550259775.4910266::RT @MaristMBB: It's #GameDay! We're on the road at Quinnipiac - 8 p.m. tip. #GoRedFoxes #maachoops https:\/\/t.co\/yqsJTFSkQv
1550259776.0396621::RT @ABC: A herd of elk waded through rising water caused by heavy rainfall and melting snow in Oregon, where road closures and a state of e\u2026
1550259776.864215::RT @shepstar88: A big thank you to Grace Hoskins from @NorthworthyT and @northworthy_t who delivered a fantastic session on management toda\u2026
1550259777.4544642::RT @1Romans58: .@POTUS could have called out Paul Ryan but took the high road\n\nI'm not a politician so I'll say it for him\n\nRyan was a Neo-\u2026
1550259777.5079508::RT @thisdayqueen: On this day (February 15) in 1975, Roger modelled clothes from Kensington Market &amp; King's Road boutiques for 'Disc'. http\u2026
1550259778.6100197::@blueyedanbichy @davideportcity @HatterBanter @Fifimiami1 It's only nice on the internet lol we've stopped walking\u2026 https:\/\/t.co\/LVshyL6crQ","display_text_range":[58,140],"source":"\u003ca href=\"http:\/\/twitter.com\/download\/android\" rel=\"nofollow\"\u003eTwitter for Android\u003c\/a\u003e","truncated":true,"in_reply_to_status_id":1096471861515304960,"in_reply_to_status_id_str":"1096471861515304960","in_reply_to_user_id":966531469828022272,"in_reply_to_user_id_str":"966531469828022272","in_reply_to_screen_name":"blueyedanbichy","user":{"id":1075848410610196481,"id_str":"1075848410610196481","name":"Option#3 \ud83e\udd11","screen_name":"Javimarroquin3","location":"Willingly moved to DE","url":null,"description":"TM2 Javi's last resort. Options 1&2 didn't want him but I needed that \ud83d\udcb0 so I popped out a pussylips-jr #parody","translator_type":"none","protected":false,"verified":false,"followers_count":128,"friends_count":50,"listed_count":0,"favourites_count":1792,"statuses_count":983,"created_at":"Thu Dec 20 20:20:24 +0000 2018","utc_offset":null,"time_zone":null,"geo_enabled":false,"lang":"en","contributors_enabled":false,"is_translator":false,"profile_background_color":"F5F8FA","profile_background_image_url":"","profile_background_image_url_https":"","profile_background_tile":false,"profile_link_color":"1DA1F2","profile_sidebar_border_color":"C0DEED","profile_sidebar_fill_color":"DDEEF6","profile_text_color":"333333","profile_use_background_image":true,"profile_image_url":"http:\/\/pbs.twimg.com\/profile_images\/1075855581653684226\/MHom_XS5_normal.jpg","profile_image_url_https":"https:\/\/pbs.twimg.com\/profile_images\/1075855581653684226\/MHom_XS5_normal.jpg","profile_banner_url":"https:\/\/pbs.twimg.com\/profile_banners\/1075848410610196481\/1545339203","default_profile":true,"default_profile_image":false,"following":null,"follow_request_sent":null,"notifications":null},"geo":null,"coordinates":null,"place":null,"contributors":null,"is_quote_status":false,"extended_tweet":{"full_text":"@blueyedanbichy @davideportcity @HatterBanter @Fifimiami1 It's only nice on the internet lol we've stopped walking down the whole road where my daughter goes to school because of the crime rate down there, a guy was stabbed and beaten just because he was gay. Since that happened we've went the long way around to avoid it","display_text_range":[58,322],"entities":{"hashtags":[],"urls":[],"user_mentions":[{"screen_name":"blueyedanbichy","name":"KSTibbs","id":966531469828022272,"id_str":"966531469828022272","indices":[0,15]},{"screen_name":"davideportcity","name":"seen_you wiff keiffah","id":64389826,"id_str":"64389826","indices":[16,31]},{"screen_name":"HatterBanter","name":"Hatter Banter \ud83c\udfa9\ud83d\udde3","id":967017918285434881,"id_str":"967017918285434881","indices":[32,45]},{"screen_name":"Fifimiami1","name":"Sloth \ud83d\ude34","id":929718571399303169,"id_str":"929718571399303169","indices":[46,57]}],"symbols":[]}},"quote_count":0,"reply_count":0,"retweet_count":0,"favorite_count":0,"entities":{"hashtags":[],"urls":[{"url":"https:\/\/t.co\/LVshyL6crQ","expanded_url":"https:\/\/twitter.com\/i\/web\/status\/1096495076509925388","display_url":"twitter.com\/i\/web\/status\/1\u2026","indices":[116,139]}],"user_mentions":[{"screen_name":"blueyedanbichy","name":"KSTibbs","id":966531469828022272,"id_str":"966531469828022272","indices":[0,15]},{"screen_name":"davideportcity","name":"seen_you wiff keiffah","id":64389826,"id_str":"64389826","indices":[16,31]},{"screen_name":"HatterBanter","name":"Hatter Banter \ud83c\udfa9\ud83d\udde3","id":967017918285434881,"id_str":"967017918285434881","indices":[32,45]},{"screen_name":"Fifimiami1","name":"Sloth \ud83d\ude34","id":929718571399303169,"id_str":"929718571399303169","indices":[46,57]}],"symbols":[]},"favorited":false,"retweeted":false,"filter_level":"low","lang":"en","timestamp_ms":"1550259772790"}

1550259779.3117561::@Gloryguy @Markstacey13 @YouTube @mamayid They are cult heroes over here been on the road close to 30 years take a\u2026 https:\/\/t.co\/xeajhkqMEB","display_text_range":[42,140],"source":"\u003ca href=\"http:\/\/twitter.com\/download\/iphone\" rel=\"nofollow\"\u003eTwitter for iPhone\u003c\/a\u003e","truncated":true,"in_reply_to_status_id":1096494817478094851,"in_reply_to_status_id_str":"1096494817478094851","in_reply_to_user_id":85907603,"in_reply_to_user_id_str":"85907603","in_reply_to_screen_name":"Gloryguy","user":{"id":1113031825,"id_str":"1113031825","name":"Jonathan McDonald","screen_name":"jonathan_coys","location":"Ireland\ud83c\uddee\ud83c\uddeaSomeday Florida\ud83c\uddfa\ud83c\uddf8","url":null,"description":"Spurs to the bone. Trying to see the world on lesser traveled roads and fill up our passports \ud83c\udf0e What\u2019s the point without Kodi a mad bunch of misfits \ud83d\ude02\ud83d\udca5\ud83d\udc4a\ud83c\udffb\ud83d\udca5","translator_type":"none","protected":false,"verified":false,"followers_count":245,"friends_count":475,"listed_count":8,"favourites_count":7667,"statuses_count":6509,"created_at":"Wed Jan 23 00:39:49 +0000 2013","utc_offset":null,"time_zone":null,"geo_enabled":true,"lang":"en","contributors_enabled":false,"is_translator":false,"profile_background_color":"000000","profile_background_image_url":"http:\/\/abs.twimg.com\/images\/themes\/theme1\/bg.png","profile_background_image_url_https":"https:\/\/abs.twimg.com\/images\/themes\/theme1\/bg.png","profile_background_tile":false,"profile_link_color":"3B94D9","profile_sidebar_border_color":"000000","profile_sidebar_fill_color":"000000","profile_text_color":"000000","profile_use_background_image":false,"profile_image_url":"http:\/\/pbs.twimg.com\/profile_images\/1094682206746959872\/q29PmDUj_normal.jpg","profile_image_url_https":"https:\/\/pbs.twimg.com\/profile_images\/1094682206746959872\/q29PmDUj_normal.jpg","profile_banner_url":"https:\/\/pbs.twimg.com\/profile_banners\/1113031825\/1549920907","default_profile":false,"default_profile_image":false,"following":null,"follow_request_sent":null,"notifications":null},"geo":null,"coordinates":null,"place":null,"contributors":null,"is_quote_status":false,"extended_tweet":{"full_text":"@Gloryguy @Markstacey13 @YouTube @mamayid They are cult heroes over here been on the road close to 30 years take a listen love to know what you think","display_text_range":[42,149],"entities":{"hashtags":[],"urls":[],"user_mentions":[{"screen_name":"Gloryguy","name":"Gloryguy","id":85907603,"id_str":"85907603","indices":[0,9]},{"screen_name":"Markstacey13","name":"stas73","id":3439771283,"id_str":"3439771283","indices":[10,23]},{"screen_name":"YouTube","name":"YouTube","id":10228272,"id_str":"10228272","indices":[24,32]},{"screen_name":"mamayid","name":"RMCD","id":979773588562726912,"id_str":"979773588562726912","indices":[33,41]}],"symbols":[]}},"quote_count":0,"reply_count":0,"retweet_count":0,"favorite_count":0,"entities":{"hashtags":[],"urls":[{"url":"https:\/\/t.co\/xeajhkqMEB","expanded_url":"https:\/\/twitter.com\/i\/web\/status\/1096495079445929984","display_url":"twitter.com\/i\/web\/status\/1\u2026","indices":[116,139]}],"user_mentions":[{"screen_name":"Gloryguy","name":"Gloryguy","id":85907603,"id_str":"85907603","indices":[0,9]},{"screen_name":"Markstacey13","name":"stas73","id":3439771283,"id_str":"3439771283","indices":[10,23]},{"screen_name":"YouTube","name":"YouTube","id":10228272,"id_str":"10228272","indices":[24,32]},{"screen_name":"mamayid","name":"RMCD","id":979773588562726912,"id_str":"979773588562726912","indices":[33,41]}],"symbols":[]},"favorited":false,"retweeted":false,"filter_level":"low","lang":"en","timestamp_ms":"1550259773490"}

1550259779.6974192::I definitely won\u2019t be taking any road trips if I\u2019m required to drive. That\u2019s so dead. After today, I hate sitting in the car
1550259781.0410223::RT @nanokyanon_1212: \u3010\u304a\u77e5\u3089\u305b\u3011\n\u3042\u3093\u3055\u3093\u3076\u308b\u30b9\u30bf\u30fc\u30ba\uff01on stage  \u6700\u65b0\u4f5c\n\u300eDistraction road\u300f\u306b\u51fa\u6f14\u3059\u308b\u4e8b\u304c\u6c7a\u307e\u308a\u307e\u3057\u305f\uff01\n\u4eca\u4f5c\u3067\u306fUNDEAD\u304c\u30e1\u30a4\u30f3\u3068\u3057\u3066\u3084\u3089\u3055\u305b\u3066\u9802\u304d\u307e\u3059\uff01\n\u3064\u3044\u306b\u3053\u306e\u6642\u304c\u6765\u305f\u2026 https:\/\/t.co\/0\u2026
1550259782.2645786::Road trip \ud83d\ude43
1550259782.3024938::RT @BellaLack: Thousands and thousands of young people just unexpectedly spilled onto the road in one of the largest youth protests against\u2026
1550259782.4186504::RT @benmurraybruce: Not just home for the elections but also inspecting Akassa ring road which I am building for my people. https:\/\/t.co\/Xq\u2026
1550259782.8829098::RT @mattroddy_: Driving in Kentucky is like:\n\n  \u2600\ufe0f\u26c8\u2744\ufe0f\u2600\ufe0f\u26c8\u2744\ufe0f\n      |         ||        |            ________________\n\ud83c\udf33 |  \ud83d\ude98  ||  \ud83d\udd73 | \ud83e\udd8c   |\u2026
1550259783.0099466::RT @policemonitor: Solidarity activists have marched from London to Wales, to highlight the hundreds of Kurdish hunger strikers worldwide w\u2026
1550259783.2376578::RT @citizentvkenya: 9 killed in grisly accident on Kericho-Nakuru road https:\/\/t.co\/nGDoHfnxm3
1550259783.7946057::US 101 also impacted by hail and snow.
1550259784.243677::#TRAFFIC: Everything has opened up at Speedvale Avenue and Edinburgh Road #GuelphTraffic #Guelph
1550259784.3442564::RT @benmurraybruce: Not just home for the elections but also inspecting Akassa ring road which I am building for my people. https:\/\/t.co\/Xq\u2026
1550259784.4290545::RT @startrekeire: I've finally got around to listening to an @inglorioustrek podcast. I jumped in on \"It's been a long road: Revisiting Ent\u2026
1550259784.5077045::RT @jclough84: Please retweet\n\nMy dads white ford transit van MA12 HWK was stole during the night from greenfield road St. Helens, my dads\u2026
1550259784.9018764::RT @ABC: A herd of elk waded through rising water caused by heavy rainfall and melting snow in Oregon, where road closures and a state of e\u2026
1550259785.1192808::The amount of times people stop me on road thinking I\u2019m Ruben Loftus-Cheek is acc unbelievable
1550259785.5106616::RT @OnehandDanzo: Live Now road to 500 onehandplayer \nhttps:\/\/t.co\/9mPttly8Nu            \n#SmallStreamersConnect #RoadToAffiliate #Fortnite\u2026
1550259786.4725661::@Stef1e2013 Hi, I'm BJ. Yes, the branch on Telegraph Road is still there. https:\/\/t.co\/IONgYUtMjb","display_text_range":[12,73],"source":"\u003ca href=\"https:\/\/www.sprinklr.com\" rel=\"nofollow\"\u003eSprinklr\u003c\/a\u003e","truncated":false,"in_reply_to_status_id":1096477267033800706,"in_reply_to_status_id_str":"1096477267033800706","in_reply_to_user_id":2153230566,"in_reply_to_user_id_str":"2153230566","in_reply_to_screen_name":"Stef1e2013","user":{"id":194049387,"id_str":"194049387","name":"Halifax","screen_name":"AskHalifaxBank","location":null,"url":"http:\/\/www.halifax.co.uk","description":"Have a question? We're here 24\/7 to help. Please don\u2019t tweet any personal details. Privacy Policy: http:\/\/t.co\/TQXVYQtyrb & Terms of Use: http:\/\/t.co\/19GfvVvSjH","translator_type":"none","protected":false,"verified":true,"followers_count":100973,"friends_count":19157,"listed_count":331,"favourites_count":7,"statuses_count":296322,"created_at":"Thu Sep 23 09:19:32 +0000 2010","utc_offset":null,"time_zone":null,"geo_enabled":false,"lang":"en","contributors_enabled":false,"is_translator":false,"profile_background_color":"3638BC","profile_background_image_url":"http:\/\/abs.twimg.com\/images\/themes\/theme1\/bg.png","profile_background_image_url_https":"https:\/\/abs.twimg.com\/images\/themes\/theme1\/bg.png","profile_background_tile":false,"profile_link_color":"3638BC","profile_sidebar_border_color":"C0DEED","profile_sidebar_fill_color":"DDEEF6","profile_text_color":"333333","profile_use_background_image":false,"profile_image_url":"http:\/\/pbs.twimg.com\/profile_images\/1020324353039355905\/bmiDxbxO_normal.jpg","profile_image_url_https":"https:\/\/pbs.twimg.com\/profile_images\/1020324353039355905\/bmiDxbxO_normal.jpg","profile_banner_url":"https:\/\/pbs.twimg.com\/profile_banners\/194049387\/1545984912","default_profile":false,"default_profile_image":false,"following":null,"follow_request_sent":null,"notifications":null},"geo":null,"coordinates":null,"place":null,"contributors":null,"is_quote_status":false,"quote_count":0,"reply_count":0,"retweet_count":0,"favorite_count":0,"entities":{"hashtags":[],"urls":[{"url":"https:\/\/t.co\/IONgYUtMjb","expanded_url":"https:\/\/twitter.com\/messages\/compose?recipient_id=194049387","display_url":"twitter.com\/messages\/compo\u2026","indices":[74,97]}],"user_mentions":[{"screen_name":"Stef1e2013","name":"Stefie","id":2153230566,"id_str":"2153230566","indices":[0,11]}],"symbols":[]},"favorited":false,"retweeted":false,"possibly_sensitive":false,"filter_level":"low","lang":"en","timestamp_ms":"1550259780627"}

1550259786.5088115::Keselowski Penalized On Pit Road In The Duels https:\/\/t.co\/Lcx9p1W8T4
1550259786.590614::RT @NorthantsNGS: BOSWORTH HOUSE \nOxendon Road, Arthingworth, Nr Market Harborough, LE16 8LA. . Sun 17 Feb (12-4) Adm \u00a34, chd free \nPhotos\u2026
1550259786.6573908::Why did the tooth cross the road? To get a drink.
1550259786.9736936::RT @RnBJames: Like Francis Chan said at a right now conference... there is no middle road.  Yes there's a narrow road that leads to life an\u2026
1550259788.0762515::RT @Fazsion: Fastest fingers gets our fast selling Solid T-Shirts!!! Hurrry! \nSend us a DM or visit our outlet at 77 Opebi road, Ikeja for\u2026
1550259789.7202108::RT @Webtraffictipz: Seven Perish In Grisly Accident Along Kericho-Nakuru Road https:\/\/t.co\/msCMxXuCH1 https:\/\/t.co\/nwuvMZ6tUP
1550259789.7737672::RT @Gwarfareband: Hitting the road with @habitshc &amp; @iraehardcore this spring for the Value of Self release tour. \n\nWhere will we see you?\u2026
1550259789.8272247::On the road somewhere all alone
1550259790.676981::RT @Sharmistha_GK: Congratulations! Welcome to the Congress family\ud83d\udc4d https:\/\/t.co\/Tpk76N8z9v
1550259790.8775887::This is the last picture of this road junction at Dorset Street, Brighton Friday 18th January 2019 before it change\u2026 https:\/\/t.co\/nfqLdfWTp0","display_text_range":[0,140],"source":"\u003ca href=\"https:\/\/mobile.twitter.com\" rel=\"nofollow\"\u003eTwitter Web App\u003c\/a\u003e","truncated":true,"in_reply_to_status_id":null,"in_reply_to_status_id_str":null,"in_reply_to_user_id":null,"in_reply_to_user_id_str":null,"in_reply_to_screen_name":null,"user":{"id":800033605359636482,"id_str":"800033605359636482","name":"Peter Brockwell","screen_name":"ArgonLamp55w","location":null,"url":null,"description":null,"translator_type":"none","protected":false,"verified":false,"followers_count":2,"friends_count":23,"listed_count":0,"favourites_count":17,"statuses_count":1224,"created_at":"Sat Nov 19 17:50:50 +0000 2016","utc_offset":null,"time_zone":null,"geo_enabled":true,"lang":"en","contributors_enabled":false,"is_translator":false,"profile_background_color":"F5F8FA","profile_background_image_url":"","profile_background_image_url_https":"","profile_background_tile":false,"profile_link_color":"1DA1F2","profile_sidebar_border_color":"C0DEED","profile_sidebar_fill_color":"DDEEF6","profile_text_color":"333333","profile_use_background_image":true,"profile_image_url":"http:\/\/abs.twimg.com\/sticky\/default_profile_images\/default_profile_normal.png","profile_image_url_https":"https:\/\/abs.twimg.com\/sticky\/default_profile_images\/default_profile_normal.png","default_profile":true,"default_profile_image":false,"following":null,"follow_request_sent":null,"notifications":null},"geo":null,"coordinates":null,"place":null,"contributors":null,"is_quote_status":false,"extended_tweet":{"full_text":"This is the last picture of this road junction at Dorset Street, Brighton Friday 18th January 2019 before it changes The traffic lights, bus lane &amp;  road layout are due to change shortly https:\/\/t.co\/rfjs3YIfkj","display_text_range":[0,190],"entities":{"hashtags":[],"urls":[],"user_mentions":[],"symbols":[],"media":[{"id":1096495108353155072,"id_str":"1096495108353155072","indices":[191,214],"media_url":"http:\/\/pbs.twimg.com\/media\/DzeIfddX4AAyJRz.jpg","media_url_https":"https:\/\/pbs.twimg.com\/media\/DzeIfddX4AAyJRz.jpg","url":"https:\/\/t.co\/rfjs3YIfkj","display_url":"pic.twitter.com\/rfjs3YIfkj","expanded_url":"https:\/\/twitter.com\/ArgonLamp55w\/status\/1096495121024073729\/photo\/1","type":"photo","sizes":{"thumb":{"w":150,"h":150,"resize":"crop"},"large":{"w":2048,"h":1152,"resize":"fit"},"medium":{"w":1200,"h":675,"resize":"fit"},"small":{"w":680,"h":383,"resize":"fit"}}}]},"extended_entities":{"media":[{"id":1096495108353155072,"id_str":"1096495108353155072","indices":[191,214],"media_url":"http:\/\/pbs.twimg.com\/media\/DzeIfddX4AAyJRz.jpg","media_url_https":"https:\/\/pbs.twimg.com\/media\/DzeIfddX4AAyJRz.jpg","url":"https:\/\/t.co\/rfjs3YIfkj","display_url":"pic.twitter.com\/rfjs3YIfkj","expanded_url":"https:\/\/twitter.com\/ArgonLamp55w\/status\/1096495121024073729\/photo\/1","type":"photo","sizes":{"thumb":{"w":150,"h":150,"resize":"crop"},"large":{"w":2048,"h":1152,"resize":"fit"},"medium":{"w":1200,"h":675,"resize":"fit"},"small":{"w":680,"h":383,"resize":"fit"}}}]}},"quote_count":0,"reply_count":0,"retweet_count":0,"favorite_count":0,"entities":{"hashtags":[],"urls":[{"url":"https:\/\/t.co\/nfqLdfWTp0","expanded_url":"https:\/\/twitter.com\/i\/web\/status\/1096495121024073729","display_url":"twitter.com\/i\/web\/status\/1\u2026","indices":[117,140]}],"user_mentions":[],"symbols":[]},"favorited":false,"retweeted":false,"possibly_sensitive":false,"filter_level":"low","lang":"en","timestamp_ms":"1550259783403"}

1550259791.29479::Bilton Road https:\/\/t.co\/Hz9v7AQA2n","display_text_range":[0,11],"source":"\u003ca href=\"http:\/\/www.vision-link.co.uk\/index.php\" rel=\"nofollow\"\u003eBilton Road Camera\u003c\/a\u003e","truncated":false,"in_reply_to_status_id":null,"in_reply_to_status_id_str":null,"in_reply_to_user_id":null,"in_reply_to_user_id_str":null,"in_reply_to_screen_name":null,"user":{"id":3932005047,"id_str":"3932005047","name":"CV227DY","screen_name":"CV227DY","location":null,"url":null,"description":null,"translator_type":"none","protected":false,"verified":false,"followers_count":0,"friends_count":0,"listed_count":1,"favourites_count":0,"statuses_count":14839,"created_at":"Sun Oct 11 23:39:33 +0000 2015","utc_offset":null,"time_zone":null,"geo_enabled":false,"lang":"en","contributors_enabled":false,"is_translator":false,"profile_background_color":"B2DFDA","profile_background_image_url":"http:\/\/abs.twimg.com\/images\/themes\/theme13\/bg.gif","profile_background_image_url_https":"https:\/\/abs.twimg.com\/images\/themes\/theme13\/bg.gif","profile_background_tile":false,"profile_link_color":"93A644","profile_sidebar_border_color":"EEEEEE","profile_sidebar_fill_color":"FFFFFF","profile_text_color":"333333","profile_use_background_image":true,"profile_image_url":"http:\/\/pbs.twimg.com\/profile_images\/653354424937631744\/NHUEhyeo_normal.jpg","profile_image_url_https":"https:\/\/pbs.twimg.com\/profile_images\/653354424937631744\/NHUEhyeo_normal.jpg","profile_banner_url":"https:\/\/pbs.twimg.com\/profile_banners\/3932005047\/1444606855","default_profile":false,"default_profile_image":false,"following":null,"follow_request_sent":null,"notifications":null},"geo":null,"coordinates":null,"place":null,"contributors":null,"is_quote_status":false,"quote_count":0,"reply_count":0,"retweet_count":0,"favorite_count":0,"entities":{"hashtags":[],"urls":[],"user_mentions":[],"symbols":[],"media":[{"id":1096495127877636106,"id_str":"1096495127877636106","indices":[12,35],"media_url":"http:\/\/pbs.twimg.com\/media\/DzeIgmMX0AowivX.jpg","media_url_https":"https:\/\/pbs.twimg.com\/media\/DzeIgmMX0AowivX.jpg","url":"https:\/\/t.co\/Hz9v7AQA2n","display_url":"pic.twitter.com\/Hz9v7AQA2n","expanded_url":"https:\/\/twitter.com\/CV227DY\/status\/1096495129093906433\/photo\/1","type":"photo","sizes":{"thumb":{"w":150,"h":150,"resize":"crop"},"medium":{"w":1200,"h":675,"resize":"fit"},"small":{"w":680,"h":383,"resize":"fit"},"large":{"w":1280,"h":720,"resize":"fit"}}}]},"extended_entities":{"media":[{"id":1096495127877636106,"id_str":"1096495127877636106","indices":[12,35],"media_url":"http:\/\/pbs.twimg.com\/media\/DzeIgmMX0AowivX.jpg","media_url_https":"https:\/\/pbs.twimg.com\/media\/DzeIgmMX0AowivX.jpg","url":"https:\/\/t.co\/Hz9v7AQA2n","display_url":"pic.twitter.com\/Hz9v7AQA2n","expanded_url":"https:\/\/twitter.com\/CV227DY\/status\/1096495129093906433\/photo\/1","type":"photo","sizes":{"thumb":{"w":150,"h":150,"resize":"crop"},"medium":{"w":1200,"h":675,"resize":"fit"},"small":{"w":680,"h":383,"resize":"fit"},"large":{"w":1280,"h":720,"resize":"fit"}}}]},"favorited":false,"retweeted":false,"possibly_sensitive":false,"filter_level":"low","lang":"en","timestamp_ms":"1550259785327"}

1550259791.5114279::RT @andyblack: I am so excited to share with you guys that my new record #TheGhostofOhio will be dropping on April 12th! You can pre-order\u2026
1550259791.8660905::Many thanks for everybody's patience. The road is now open.
1550259791.9818864::Give him a chance, he is not finished. Wait until the dominoes start following, they will connect all these bastard\u2026 https:\/\/t.co\/kpwcmJ7wxV
1550259793.5930047::RT @BoxingTribeUK: Blackwell 'learned to eat, talk and walk again' Watch Nick Blackwell talk about road to recovery so sad https:\/\/t.co\/fIO\u2026
1550259793.8730366::Rose man energy&gt;&gt;
1550259794.1782029::RT @BellaLack: Thousands and thousands of young people just unexpectedly spilled onto the road in one of the largest youth protests against\u2026
1550259794.5258946::RT @chihi_candyboy: \u3010\u60c5\u5831\u89e3\u7981\u3011\n\u300e\u3042\u3093\u3055\u3093\u3076\u308b\u30b9\u30bf\u30fc\u30ba\uff01\u30a8\u30af\u30b9\u30c8\u30e9\u30fb\u30b9\u30c6\u30fc\u30b8\u300f\uff5eDestruction \u00d7 Road\uff5e\n2019\u5e748\u6708\u30019\u6708\uff0f\u5927\u962a\u30fb\u6771\u4eac\n\n\u5f85\u671b\u306e\u2026\n\u307e\u305f\u7686\u69d8\u306e\u524d\u306b\n\u4eca\u5ea6\u306f\u4e3b\u8ef8\u3068\u3057\u3066\u623b\u3063\u3066\u53c2\u308a\u307e\u3059\uff01\n\n\u8aa0\u5fc3\u8aa0\u610fUNDEAD\u5168\u54e1\u3067\u52aa\u3081\u9802\u304d\u307e\u3059\u2026
1550259795.3690293::\u30ea\u30b9\u30ad\u30eb\u8fd4\u30572\u679a\nRoad To S.I\u3067\u3059\u3002\u3054\u3081\u3093\u306a\u3055\u3044\u3002 https:\/\/t.co\/jFtPE2nIUO","display_text_range":[0,30],"source":"\u003ca href=\"http:\/\/twitter.com\" rel=\"nofollow\"\u003eTwitter Web Client\u003c\/a\u003e","truncated":false,"in_reply_to_status_id":null,"in_reply_to_status_id_str":null,"in_reply_to_user_id":null,"in_reply_to_user_id_str":null,"in_reply_to_screen_name":null,"user":{"id":746269511997808641,"id_str":"746269511997808641","name":"JAS","screen_name":"jas_nogiota","location":null,"url":"https:\/\/www.youtube.com\/channel\/UCvS2F8JK_ydaItdysOy2vGw","description":"\u3069\u3046\u3082\u3002\u30b6\u30f3\u30d3\u3067\u3059\u3002(JAS\u3067\u3059) PC\u30b2\u30fc\u30e0\u3084\u3063\u3066\u307e\u3059\u3002 \u30d6\u30b5\u30a4\u30af\u3067\u3059\u3002","translator_type":"none","protected":false,"verified":false,"followers_count":1115,"friends_count":1300,"listed_count":22,"favourites_count":36372,"statuses_count":28686,"created_at":"Fri Jun 24 09:11:31 +0000 2016","utc_offset":null,"time_zone":null,"geo_enabled":false,"lang":"ja","contributors_enabled":false,"is_translator":false,"profile_background_color":"F5F8FA","profile_background_image_url":"","profile_background_image_url_https":"","profile_background_tile":false,"profile_link_color":"1DA1F2","profile_sidebar_border_color":"C0DEED","profile_sidebar_fill_color":"DDEEF6","profile_text_color":"333333","profile_use_background_image":true,"profile_image_url":"http:\/\/pbs.twimg.com\/profile_images\/1096377194639572992\/UpDK3TXY_normal.jpg","profile_image_url_https":"https:\/\/pbs.twimg.com\/profile_images\/1096377194639572992\/UpDK3TXY_normal.jpg","profile_banner_url":"https:\/\/pbs.twimg.com\/profile_banners\/746269511997808641\/1546620992","default_profile":true,"default_profile_image":false,"following":null,"follow_request_sent":null,"notifications":null},"geo":null,"coordinates":null,"place":null,"contributors":null,"is_quote_status":false,"quote_count":0,"reply_count":0,"retweet_count":0,"favorite_count":0,"entities":{"hashtags":[],"urls":[],"user_mentions":[],"symbols":[],"media":[{"id":1096494628944044032,"id_str":"1096494628944044032","indices":[31,54],"additional_media_info":{"monetizable":false},"media_url":"http:\/\/pbs.twimg.com\/ext_tw_video_thumb\/1096494628944044032\/pu\/img\/lIwNpxlMlh4cgBbP.jpg","media_url_https":"https:\/\/pbs.twimg.com\/ext_tw_video_thumb\/1096494628944044032\/pu\/img\/lIwNpxlMlh4cgBbP.jpg","url":"https:\/\/t.co\/jFtPE2nIUO","display_url":"pic.twitter.com\/jFtPE2nIUO","expanded_url":"https:\/\/twitter.com\/jas_nogiota\/status\/1096495145443221504\/video\/1","type":"photo","sizes":{"thumb":{"w":150,"h":150,"resize":"crop"},"medium":{"w":1200,"h":675,"resize":"fit"},"small":{"w":680,"h":383,"resize":"fit"},"large":{"w":1280,"h":720,"resize":"fit"}}}]},"extended_entities":{"media":[{"id":1096494628944044032,"id_str":"1096494628944044032","indices":[31,54],"additional_media_info":{"monetizable":false},"media_url":"http:\/\/pbs.twimg.com\/ext_tw_video_thumb\/1096494628944044032\/pu\/img\/lIwNpxlMlh4cgBbP.jpg","media_url_https":"https:\/\/pbs.twimg.com\/ext_tw_video_thumb\/1096494628944044032\/pu\/img\/lIwNpxlMlh4cgBbP.jpg","url":"https:\/\/t.co\/jFtPE2nIUO","display_url":"pic.twitter.com\/jFtPE2nIUO","expanded_url":"https:\/\/twitter.com\/jas_nogiota\/status\/1096495145443221504\/video\/1","type":"video","video_info":{"aspect_ratio":[16,9],"duration_millis":33867,"variants":[{"bitrate":832000,"content_type":"video\/mp4","url":"https:\/\/video.twimg.com\/ext_tw_video\/1096494628944044032\/pu\/vid\/640x360\/t7S1AegKec8e3xaq.mp4?tag=6"},{"bitrate":256000,"content_type":"video\/mp4","url":"https:\/\/video.twimg.com\/ext_tw_video\/1096494628944044032\/pu\/vid\/320x180\/Od7cZGxXBi_iL-nN.mp4?tag=6"},{"content_type":"application\/x-mpegURL","url":"https:\/\/video.twimg.com\/ext_tw_video\/1096494628944044032\/pu\/pl\/kA3idwq6vKKIR8Z5.m3u8?tag=6"},{"bitrate":2176000,"content_type":"video\/mp4","url":"https:\/\/video.twimg.com\/ext_tw_video\/1096494628944044032\/pu\/vid\/1280x720\/c1lUhku_yMg9xWS7.mp4?tag=6"}]},"sizes":{"thumb":{"w":150,"h":150,"resize":"crop"},"medium":{"w":1200,"h":675,"resize":"fit"},"small":{"w":680,"h":383,"resize":"fit"},"large":{"w":1280,"h":720,"resize":"fit"}}}]},"favorited":false,"retweeted":false,"possibly_sensitive":false,"filter_level":"low","lang":"ja","timestamp_ms":"1550259789225"}

1550259795.7325857::RT @KuperSimon: The new political battlefield is the road - cities versus suburbs and countryside again. Gilets jaunes were just a foretast\u2026
